URL,Sitemap,Hreflang
https://www.ariat.com/,us_en_en_us,en
https://www.ariat.com/at/de/,us_en_en_us,de-at
https://www.ariat.com/be/en/,us_en_en_us,en-be
https://www.ariat.com/ch/de/,us_en_en_us,de-ch
https://www.ariat.com/de/de/,us_en_en_us,de
https://www.ariat.com/dk/en/,us_en_en_us,en-dk
https://www.ariat.com/fi/en/,us_en_en_us,en-fi
https://www.ariat.com/fr/fr/,us_en_en_us,fr
https://www.ariat.com/gb/en/,us_en_en_us,en-gb
https://www.ariat.com/ie/en/,us_en_en_us,en-ie
https://www.ariat.com/it/en/,us_en_en_us,en-it
https://www.ariat.com/nl/en/,us_en_en_us,en-nl
https://www.ariat.com/no/en/,us_en_en_us,en-no
https://www.ariat.com/se/en/,us_en_en_us,en-se
https://www.ariat.com/insider,us_en_en_us,en
https://www.ariat.com/help-center,us_en_en_us,en
https://www.ariat.com/retailers,us_en_en_us,en
https://www.ariat.com/ariat_reboot_modal?format=ajax,us_en_en_us,en
https://www.ariat.com/mens-new-arrivals,us_en_en_us,en
https://www.ariat.com/mens-clothing-new-arrivals,us_en_en_us,en
https://www.ariat.com/mens-footwear-new-arrivals,us_en_en_us,en
https://www.ariat.com/womens-new-arrivals,us_en_en_us,en
https://www.ariat.com/womens-clothing-new-arrivals,us_en_en_us,en
https://www.ariat.com/womens-footwear-new-arrivals,us_en_en_us,en
https://www.ariat.com/kids-new-arrivals,us_en_en_us,en
https://www.ariat.com/kids-clothing-new-arrivals,us_en_en_us,en
https://www.ariat.com/kids-footwear-new-arrivals,us_en_en_us,en
https://www.ariat.com/milton-menasco-collection,us_en_en_us,en
https://www.ariat.com/rodeo-quincy-collection,us_en_en_us,en
https://www.ariat.com/bench-made-collection,us_en_en_us,en
https://www.ariat.com/fashion,us_en_en_us,en
https://www.ariat.com/countryside,us_en_en_us,en
https://www.ariat.com/relentless-collection,us_en_en_us,en
https://www.ariat.com/lifestyle-catalog,us_en_en_us,en
https://www.ariat.com/mens,us_en_en_us,en
https://www.ariat.com/mens-best-sellers,us_en_en_us,en
https://www.ariat.com/mens-footwear,us_en_en_us,en
https://www.ariat.com/mens-western-boots,us_en_en_us,en
https://www.ariat.com/mens-work-boots,us_en_en_us,en
https://www.ariat.com/mens-english-riding-boots,us_en_en_us,en
https://www.ariat.com/mens-dress-cowboy-boots,us_en_en_us,en
https://www.ariat.com/mens-hiking-boots-shoes,us_en_en_us,en
https://www.ariat.com/mens-chelsea-boots,us_en_en_us,en
https://www.ariat.com/mens-shoes-sneakers,us_en_en_us,en
https://www.ariat.com/mens-slippers,us_en_en_us,en
https://www.ariat.com/mens-clothing,us_en_en_us,en
https://www.ariat.com/mens-jeans,us_en_en_us,en
https://www.ariat.com/mens-bottoms,us_en_en_us,en
https://www.ariat.com/mens-t-shirts-polos,us_en_en_us,en
https://www.ariat.com/mens-button-down-shirts,us_en_en_us,en
https://www.ariat.com/mens-sweatshirts-hoodies,us_en_en_us,en
https://www.ariat.com/mens-jackets-vests,us_en_en_us,en
https://www.ariat.com/mens-english-riding-clothing,us_en_en_us,en
https://www.ariat.com/mens-workwear,us_en_en_us,en
https://www.ariat.com/mens-scrubs,us_en_en_us,en
https://www.ariat.com/mens-accessories,us_en_en_us,en
https://www.ariat.com/mens-wallets-bags,us_en_en_us,en
https://www.ariat.com/mens-belts,us_en_en_us,en
https://www.ariat.com/mens-gloves,us_en_en_us,en
https://www.ariat.com/mens-hats-caps,us_en_en_us,en
https://www.ariat.com/mens-insoles,us_en_en_us,en
https://www.ariat.com/mens-socks,us_en_en_us,en
https://www.ariat.com/mens-english,us_en_en_us,en
https://www.ariat.com/mens-western,us_en_en_us,en
https://www.ariat.com/mens-work,us_en_en_us,en
https://www.ariat.com/womens,us_en_en_us,en
https://www.ariat.com/womens-best-sellers,us_en_en_us,en
https://www.ariat.com/womens-footwear,us_en_en_us,en
https://www.ariat.com/womens-western-boots,us_en_en_us,en
https://www.ariat.com/womens-booties,us_en_en_us,en
https://www.ariat.com/womens-chelsea-boots,us_en_en_us,en
https://www.ariat.com/womens-english-riding-boots,us_en_en_us,en
https://www.ariat.com/womens-dress-fashion-boots,us_en_en_us,en
https://www.ariat.com/womens-hiking-boots-shoes,us_en_en_us,en
https://www.ariat.com/womens-waterproof-boots-shoes,us_en_en_us,en
https://www.ariat.com/womens-work-boots,us_en_en_us,en
https://www.ariat.com/womens-shoes-sneakers,us_en_en_us,en
https://www.ariat.com/womens-slippers,us_en_en_us,en
https://www.ariat.com/womens-clothing,us_en_en_us,en
https://www.ariat.com/womens-jeans,us_en_en_us,en
https://www.ariat.com/womens-bottoms,us_en_en_us,en
https://www.ariat.com/womens-t-shirts-tops,us_en_en_us,en
https://www.ariat.com/womens-dresses-skirts,us_en_en_us,en
https://www.ariat.com/womens-sweaters-cardigans,us_en_en_us,en
https://www.ariat.com/womens-sweatshirts-hoodies,us_en_en_us,en
https://www.ariat.com/womens-jackets-vests,us_en_en_us,en
https://www.ariat.com/womens-english-riding-clothing,us_en_en_us,en
https://www.ariat.com/womens-workwear,us_en_en_us,en
https://www.ariat.com/womens-scrubs,us_en_en_us,en
https://www.ariat.com/womens-accessories,us_en_en_us,en
https://www.ariat.com/womens-bags-wallets,us_en_en_us,en
https://www.ariat.com/womens-belts,us_en_en_us,en
https://www.ariat.com/womens-gloves,us_en_en_us,en
https://www.ariat.com/womens-hats-caps,us_en_en_us,en
https://www.ariat.com/womens-insoles,us_en_en_us,en
https://www.ariat.com/womens-socks,us_en_en_us,en
https://www.ariat.com/womens-english,us_en_en_us,en
https://www.ariat.com/womens-western,us_en_en_us,en
https://www.ariat.com/womens-work,us_en_en_us,en
https://www.ariat.com/kids,us_en_en_us,en
https://www.ariat.com/kids-best_sellers,us_en_en_us,en
https://www.ariat.com/kids-footwear,us_en_en_us,en
https://www.ariat.com/baby-boots,us_en_en_us,en
https://www.ariat.com/toddler-boots,us_en_en_us,en
https://www.ariat.com/big-kids-footwear,us_en_en_us,en
https://www.ariat.com/kids-slippers,us_en_en_us,en
https://www.ariat.com/boys-clothing,us_en_en_us,en
https://www.ariat.com/boys-button-down-shirts,us_en_en_us,en
https://www.ariat.com/boys-jackets-vests,us_en_en_us,en
https://www.ariat.com/boys-jeans,us_en_en_us,en
https://www.ariat.com/boys-sweatshirts-hoodies,us_en_en_us,en
https://www.ariat.com/boys-tshirts-polos,us_en_en_us,en
https://www.ariat.com/girls-clothing,us_en_en_us,en
https://www.ariat.com/girls-button-down-shirts,us_en_en_us,en
https://www.ariat.com/girls-english-riding-clothing,us_en_en_us,en
https://www.ariat.com/girls-jackets-vests,us_en_en_us,en
https://www.ariat.com/girls-jeans,us_en_en_us,en
https://www.ariat.com/girls-sweatshirts-hoodies,us_en_en_us,en
https://www.ariat.com/girls-t-shirts-polos,us_en_en_us,en
https://www.ariat.com/kids-accessories,us_en_en_us,en
https://www.ariat.com/kids-belts,us_en_en_us,en
https://www.ariat.com/kids-hats-caps,us_en_en_us,en
https://www.ariat.com/kids-accessories-socks,us_en_en_us,en
https://www.ariat.com/kids-bags-wallets,us_en_en_us,en
https://www.ariat.com/kids-wiggle-room,us_en_en_us,en
https://www.ariat.com/work,us_en_en_us,en
https://www.ariat.com/mens-work-accessories,us_en_en_us,en
https://www.ariat.com/mens-work-gloves,us_en_en_us,en
https://www.ariat.com/mens-work-hats-beanies,us_en_en_us,en
https://www.ariat.com/mens-work-insoles,us_en_en_us,en
https://www.ariat.com/mens-work-socks,us_en_en_us,en
https://www.ariat.com/womens-work-accessories,us_en_en_us,en
https://www.ariat.com/womens-work-gloves,us_en_en_us,en
https://www.ariat.com/womens-work-hats-beanies,us_en_en_us,en
https://www.ariat.com/womens-work-insoles,us_en_en_us,en
https://www.ariat.com/womens-work-socks,us_en_en_us,en
https://www.ariat.com/scrubs,us_en_en_us,en
https://www.ariat.com/breathable-workwear-boots,us_en_en_us,en
https://www.ariat.com/pet-accessories,us_en_en_us,en
https://www.ariat.com/dog-jackets,us_en_en_us,en
https://www.ariat.com/dog-leashes-collars,us_en_en_us,en
https://www.ariat.com/sale,us_en_en_us,en
https://www.ariat.com/mens-footwear-on-sale,us_en_en_us,en
https://www.ariat.com/mens-cowboy-boots-on-sale,us_en_en_us,en
https://www.ariat.com/mens-shoes-sneakers-on-sale,us_en_en_us,en
https://www.ariat.com/mens-work-boots-on-sale,us_en_en_us,en
https://www.ariat.com/mens-clothing-on-sale,us_en_en_us,en
https://www.ariat.com/mens-button-down-shirts-on-sale,us_en_en_us,en
https://www.ariat.com/mens-jackets-on-sale,us_en_en_us,en
https://www.ariat.com/mens-jeans-on-sale,us_en_en_us,en
https://www.ariat.com/mens-hoodies-on-sale,us_en_en_us,en
https://www.ariat.com/mens-t-shirts-on-sale,us_en_en_us,en
https://www.ariat.com/mens-workwear-on-sale,us_en_en_us,en
https://www.ariat.com/womens-footwear-on-sale,us_en_en_us,en
https://www.ariat.com/womens-cowgirl-boots-on-sale,us_en_en_us,en
https://www.ariat.com/womens-english-riding-boots-on-sale,us_en_en_us,en
https://www.ariat.com/womens-shoes-sneakers-on-sale,us_en_en_us,en
https://www.ariat.com/womens-clothing-on-sale,us_en_en_us,en
https://www.ariat.com/womens-button-down-shirts-on-sale,us_en_en_us,en
https://www.ariat.com/womens-dress-skirt-on-sale,us_en_en_us,en
https://www.ariat.com/womens-english-riding-clothing-on-sale,us_en_en_us,en
https://www.ariat.com/womens-jacket-on-sale,us_en_en_us,en
https://www.ariat.com/womens-jeans-on-sale,us_en_en_us,en
https://www.ariat.com/womens-hoodies-on-sale,us_en_en_us,en
https://www.ariat.com/womens-t-shirt-on-sale,us_en_en_us,en
https://www.ariat.com/womens-work-clothing-on-sale,us_en_en_us,en
https://www.ariat.com/work-sale,us_en_en_us,en
https://www.ariat.com/work-boots-on-sale,us_en_en_us,en
https://www.ariat.com/work-jackets-on-sale,us_en_en_us,en
https://www.ariat.com/work-shirts-on-sale,us_en_en_us,en
https://www.ariat.com/kids-sale,us_en_en_us,en
https://www.ariat.com/big-kids-footwear-on-sale,us_en_en_us,en
https://www.ariat.com/toddler-boots-on-sale,us_en_en_us,en
https://www.ariat.com/boys-clothing-on-sale,us_en_en_us,en
https://www.ariat.com/girls-clothing-on-sale,us_en_en_us,en
https://www.ariat.com/accessories-on-sale,us_en_en_us,en
https://www.ariat.com/hats-caps-on-sale,us_en_en_us,en
https://www.ariat.com/ariat-life,us_en_en_us,en
https://www.ariat.com/al/brock-purdy,us_en_en_us,en
https://www.ariat.com/al/buildwitt-partnership,us_en_en_us,en
https://www.ariat.com/al/ariat-athletes-redefine-talent,us_en_en_us,en
https://www.ariat.com/al/national-cowboy-day-with-kade-sonnier,us_en_en_us,en
https://www.ariat.com/ariat-life-blog,us_en_en_us,en
https://www.ariat.com/al/how-tos,us_en_en_us,en
https://www.ariat.com/al/athletes,us_en_en_us,en
https://www.ariat.com/al/english,us_en_en_us,en
https://www.ariat.com/al/technology,us_en_en_us,en
https://www.ariat.com/al/ambassadors,us_en_en_us,en
https://www.ariat.com/al/ariat-presents,us_en_en_us,en
https://www.ariat.com/al/western,us_en_en_us,en
https://www.ariat.com/al/work,us_en_en_us,en
https://www.ariat.com/western,us_en_en_us,en
https://www.ariat.com/english,us_en_en_us,en
https://www.ariat.com/my-cart,us_en_en_us,en
https://www.ariat.com/new-arrivals,us_en_en_us,en
https://www.ariat.com/brock-purdy,us_en_en_us,en
https://www.ariat.com/mens-chelsea-work-boots,us_en_en_us,en
https://www.ariat.com/boa-boots,us_en_en_us,en
https://www.ariat.com/western-athletes,us_en_en_us,en
https://www.ariat.com/al/how-to-fit-cowboy-boots,us_en_en_us,en
https://www.ariat.com/al/30th-anniversary,us_en_en_us,en
https://www.ariat.com/giving,us_en_en_us,en
https://www.ariat.com/customer-order-status?format=ajax,us_en_en_us,en
https://www.ariat.com/online-returns,us_en_en_us,en
https://www.ariat.com/contact-us,us_en_en_us,en
https://www.ariat.com/wishlist,us_en_en_us,en
https://www.ariat.com/register-product,us_en_en_us,en
https://www.ariat.com/shipping-options,us_en_en_us,en
https://www.ariat.com/global-e,us_en_en_us,en
https://www.ariat.com/brandshops,us_en_en_us,en
https://www.ariat.com/group-solutions,us_en_en_us,en
https://www.ariat.com/military-discount,us_en_en_us,en
https://www.ariat.com/first-responders-discount,us_en_en_us,en
https://www.ariat.com/retail-partner-signup,us_en_en_us,en
https://www.ariat.com/about-us,us_en_en_us,en
https://www.ariat.com/careers,us_en_en_us,en
https://www.ariat.com/sustainability,us_en_en_us,en
https://www.ariat.com/partnerships,us_en_en_us,en
https://www.ariat.com/press-room,us_en_en_us,en
https://www.ariat.com/accessibility,us_en_en_us,en
https://www.ariat.com/california-notice,us_en_en_us,en
https://www.ariat.com/site-map,us_en_en_us,en
https://www.ariat.com/ctpat,us_en_en_us,en
https://www.ariat.com/privacy-policy,us_en_en_us,en
https://www.ariat.com/ca-privacy-notice,us_en_en_us,en
https://www.ariat.com/terms-and-conditions,us_en_en_us,en
https://www.ariat.com/fr/fr,us_en_en_us,en
https://www.ariat.com/de/de,us_en_en_us,en
https://www.ariat.com/nl/en,us_en_en_us,en
https://www.ariat.com/ie/en,us_en_en_us,en
https://www.ariat.com/ch/de,us_en_en_us,en
https://www.ariat.com/no/en,us_en_en_us,en
https://www.ariat.com/be/en,us_en_en_us,en
https://www.ariat.com/fi/en,us_en_en_us,en
https://www.ariat.com/dk/en,us_en_en_us,en
https://www.ariat.com/at/de,us_en_en_us,en
https://www.ariat.com/it/en,us_en_en_us,en
https://www.ariat.com/se/en,us_en_en_us,en
https://www.ariat.com/gb/en,us_en_en_us,en
https://www.ariat.com/email-signup,us_en_en_us,en
https://www.ariat.com/international,us_en_en_us,en
https://www.ariat.com/cookie-policy,us_en_en_us,en
https://www.ariat.com/mens-button-down-work-shirts,us_en_en_us,en
https://www.ariat.com/al/collabs,us_en_en_us,en
https://www.ariat.com/al/international-womens-day,us_en_en_us,en
https://www.ariat.com/al/brianna-noble,us_en_en_us,en
https://www.ariat.com/al/so-they-say-ashley-mcbride,us_en_en_us,en
https://www.ariat.com/al/so-they-say-randy-savvy,us_en_en_us,en
https://www.ariat.com/size-charts,us_en_en_us,en
https://www.ariat.com/mens-cowboy-boots,us_en_en_us,en
https://www.ariat.com/womens-work-bibs-overalls,us_en_en_us,en
https://www.ariat.com/mens-waterproof-boots,us_en_en_us,en
https://www.ariat.com/womens-long-sleeve-shirts,us_en_en_us,en
https://www.ariat.com/exchanges,us_en_en_us,en
https://www.ariat.com/al/different-types-of-english-horseback-riding,us_en_en_us,en
https://www.ariat.com/womens-button-down-work-shirts,us_en_en_us,en
https://www.ariat.com/womens-half-chaps,us_en_en_us,en
https://www.ariat.com/womens-cowgirl-boots,us_en_en_us,en
https://www.ariat.com/fashion-boots,us_en_en_us,en
https://www.ariat.com/al/should-you-wear-jeans-tucked-into-cowboy-boots,us_en_en_us,en
https://www.ariat.com/al/how-to-clean-riding-boots,us_en_en_us,en
https://www.ariat.com/al/best-cowboy-boots-for-line-dancing,us_en_en_us,en
https://www.ariat.com/al/how-to-fit-tall-riding-boots,us_en_en_us,en
https://www.ariat.com/english-riding-clothing-on-sale,us_en_en_us,en
https://www.ariat.com/womens-woven-shirts,us_en_en_us,en
https://www.ariat.com/womens-short-sleeve-shirts,us_en_en_us,en
https://www.ariat.com/womens-graphic-t-shirts,us_en_en_us,en
https://www.ariat.com/womens-baselayers,us_en_en_us,en
https://www.ariat.com/womens-polos,us_en_en_us,en
https://www.ariat.com/fashion-apparel,us_en_en_us,en
https://www.ariat.com/womens-vests,us_en_en_us,en
https://www.ariat.com/womens-english-riding-socks,us_en_en_us,en
https://www.ariat.com/al/how-to-wear-cowboy-boots-and-jeans-men,us_en_en_us,en
https://www.ariat.com/al/make-your-boots-comfortable,us_en_en_us,en
https://www.ariat.com/al/wedding-dress-with-cowboy-boots,us_en_en_us,en
https://www.ariat.com/al/local-guide-fort-worth,us_en_en_us,en
https://www.ariat.com/al/how-to-store-cowboy-boots,us_en_en_us,en
https://www.ariat.com/al/meet-us-in-houston,us_en_en_us,en
https://www.ariat.com/cowboy-boots-on-sale,us_en_en_us,en
https://www.ariat.com/womens-english-riding-gloves,us_en_en_us,en
https://www.ariat.com/mens-polos,us_en_en_us,en
https://www.ariat.com/mens-graphic-t-shirts,us_en_en_us,en
https://www.ariat.com/mens-long-sleeve-shirts,us_en_en_us,en
https://www.ariat.com/mens-short-sleeve-shirts,us_en_en_us,en
https://www.ariat.com/mens-pants,us_en_en_us,en
https://www.ariat.com/mens-shorts,us_en_en_us,en
https://www.ariat.com/medical-scrubs,us_en_en_us,en
https://www.ariat.com/search?q=shiftrunner,us_en_en_us,en
https://www.ariat.com/al/jeans-7-reasons-why,us_en_en_us,en
https://www.ariat.com/womens-mid-rise-jeans,us_en_en_us,en
https://www.ariat.com/kids-collections,us_en_en_us,en
https://www.ariat.com/kids-footwear-on-sale,us_en_en_us,en
https://www.ariat.com/womens-safety-shoes,us_en_en_us,en
https://www.ariat.com/women-western-booties,us_en_en_us,en
https://www.ariat.com/womens-western-jackets-vests,us_en_en_us,en
https://www.ariat.com/womens-jackets,us_en_en_us,en
https://www.ariat.com/mens-work-pants,us_en_en_us,en
https://www.ariat.com/womens-trouser-jeans,us_en_en_us,en
https://www.ariat.com/womens-flare-jeans,us_en_en_us,en
https://www.ariat.com/womens-bootcut-jeans,us_en_en_us,en
https://www.ariat.com/womens-straight-jeans,us_en_en_us,en
https://www.ariat.com/womens-skinnny-jeans,us_en_en_us,en
https://www.ariat.com/womens-high-rise-jeans,us_en_en_us,en
https://www.ariat.com/womens-low-rise-jeans,us_en_en_us,en
https://www.ariat.com/womens-jean-shorts,us_en_en_us,en
https://www.ariat.com/womens-waterproof-work-boots,us_en_en_us,en
https://www.ariat.com/mens-long-sleve-button-down-shirts,us_en_en_us,en
https://www.ariat.com/mens-half-chaps,us_en_en_us,en
https://www.ariat.com/new-featured,us_en_en_us,en
https://www.ariat.com/new-featured-collaborations,us_en_en_us,en
https://www.ariat.com/shipping-notifications,us_en_en_us,en
https://www.ariat.com/shipping-carriers,us_en_en_us,en
https://www.ariat.com/multiple-shipments,us_en_en_us,en
https://www.ariat.com/track-your-order,us_en_en_us,en
https://www.ariat.com/is-shipping-free,us_en_en_us,en
https://www.ariat.com/i-didnt-receive-my-package,us_en_en_us,en
https://www.ariat.com/where-does-ariat-ship-to,us_en_en_us,en
https://www.ariat.com/holiday-shipping-dates,us_en_en_us,en
https://www.ariat.com/restrictions,us_en_en_us,en
https://www.ariat.com/warranties,us_en_en_us,en
https://www.ariat.com/manufacturing,us_en_en_us,en
https://www.ariat.com/cleaning-materials,us_en_en_us,en
https://www.ariat.com/alligator-caiman-lizard,us_en_en_us,en
https://www.ariat.com/bison,us_en_en_us,en
https://www.ariat.com/sueded-caiman-python,us_en_en_us,en
https://www.ariat.com/ostrich,us_en_en_us,en
https://www.ariat.com/python,us_en_en_us,en
https://www.ariat.com/pirarucu,us_en_en_us,en
https://www.ariat.com/goat-polished-fullgrain,us_en_en_us,en
https://www.ariat.com/fullgrain-topgrain-metallic-patent,us_en_en_us,en
https://www.ariat.com/nubuck-roughout-suede,us_en_en_us,en
https://www.ariat.com/hair-on,us_en_en_us,en
https://www.ariat.com/waterproof-topgrain,us_en_en_us,en
https://www.ariat.com/textile,us_en_en_us,en
https://www.ariat.com/caring-for-boa,us_en_en_us,en
https://www.ariat.com/washing-apparel,us_en_en_us,en
https://www.ariat.com/check-balance-of-gift-cards,us_en_en_us,en
https://www.ariat.com/buying-gift-cards,us_en_en_us,en
https://www.ariat.com/redeeming-gift-cards,us_en_en_us,en
https://www.ariat.com/gift-card-faq,us_en_en_us,en
https://www.ariat.com/fraud-protection,us_en_en_us,en
https://www.ariat.com/retail-partners,us_en_en_us,en
https://www.ariat.com/questions-and-answers-guidelines,us_en_en_us,en
https://www.ariat.com/non-product-feedback,us_en_en_us,en
https://www.ariat.com/submit-questions,us_en_en_us,en
https://www.ariat.com/ratings-and-reviews-guidelines,us_en_en_us,en
https://www.ariat.com/write-review,us_en_en_us,en
https://www.ariat.com/promotions,us_en_en_us,en
https://www.ariat.com/preorder-backorder-products,us_en_en_us,en
https://www.ariat.com/tax,us_en_en_us,en
https://www.ariat.com/payment-types,us_en_en_us,en
https://www.ariat.com/donations-in-checkout,us_en_en_us,en
https://www.ariat.com/order-changes-cancellations,us_en_en_us,en
https://www.ariat.com/waitlist,us_en_en_us,en
https://www.ariat.com/order-status-info,us_en_en_us,en
https://www.ariat.com/australia-and-new-zealand,us_en_en_us,en
https://www.ariat.com/europe,us_en_en_us,en
https://www.ariat.com/membership-benefits,us_en_en_us,en
https://www.ariat.com/ariat-insider-opt-out,us_en_en_us,en
https://www.ariat.com/enroll-in-program,us_en_en_us,en
https://www.ariat.com/account-password-help,us_en_en_us,en
https://www.ariat.com/program-terms-conditions,us_en_en_us,en
https://www.ariat.com/program-eligibility,us_en_en_us,en
https://www.ariat.com/employee-disclaimer,us_en_en_us,en
https://www.ariat.com/selling-on-reboot,us_en_en_us,en
https://www.ariat.com/environmental-impact,us_en_en_us,en
https://www.ariat.com/buying-on-reboot,us_en_en_us,en
https://www.ariat.com/reboot-general-faq,us_en_en_us,en
https://www.ariat.com/search?q=eos%20tights,us_en_en_us,en
https://www.ariat.com/al/show-jumping-outfits,us_en_en_us,en
https://www.ariat.com/al/sustainability-article,us_en_en_us,en
https://www.ariat.com/al/so-they-say-ez-zip,us_en_en_us,en
https://www.ariat.com/al/ariat-craftsmanship,us_en_en_us,en
https://www.ariat.com/mens-western-clothing,us_en_en_us,en
https://www.ariat.com/womens-western-clothing,us_en_en_us,en
https://www.ariat.com/mens-jackets,us_en_en_us,en
https://www.ariat.com/mens-vests,us_en_en_us,en
https://www.ariat.com/western-clothing-on-sale,us_en_en_us,en
https://www.ariat.com/mens-fr-clothing,us_en_en_us,en
https://www.ariat.com/giftcards,us_en_en_us,en
https://www.ariat.com/countryside-footwear,us_en_en_us,en
https://www.ariat.com/countryside-clothing,us_en_en_us,en
https://www.ariat.com/womens-paddock-boots,us_en_en_us,en
https://www.ariat.com/womens-tall-riding-boots,us_en_en_us,en
https://www.ariat.com/womens-trail-riding-boots,us_en_en_us,en
https://www.ariat.com/al/how-to-fit-cowgirl-boots,us_en_en_us,en
https://www.ariat.com/womens-lace-up-work-boots,us_en_en_us,en
https://www.ariat.com/womens-pullover-hoodies-sweatshirts,us_en_en_us,en
https://www.ariat.com/accessories,us_en_en_us,en
https://www.ariat.com/american-flag-collection,us_en_en_us,en
https://www.ariat.com/mens-exotic-cowboy-boots,us_en_en_us,en
https://www.ariat.com/t/mens-square-toe-cowboy-boots,us_en_en_us,en
https://www.ariat.com/t/mens-round-toe-cowboy-boots,us_en_en_us,en
https://www.ariat.com/men-western-dress-boots,us_en_en_us,en
https://www.ariat.com/mens-patriotic-boots,us_en_en_us,en
https://www.ariat.com/mens-farm-ranch-boots,us_en_en_us,en
https://www.ariat.com/mens-pull-on-work-boots,us_en_en_us,en
https://www.ariat.com/mens-lace-up-work-boots,us_en_en_us,en
https://www.ariat.com/mens-safety-toe-work-boots,us_en_en_us,en
https://www.ariat.com/vintage-slim-jeans,us_en_en_us,en
https://www.ariat.com/mens-relaxed-jeans,us_en_en_us,en
https://www.ariat.com/mens-loose-jeans,us_en_en_us,en
https://www.ariat.com/mens-straight-jeans,us_en_en_us,en
https://www.ariat.com/mens-slim-jeans,us_en_en_us,en
https://www.ariat.com/mens-modern-jeans,us_en_en_us,en
https://www.ariat.com/mens-work-jackets-vests,us_en_en_us,en
https://www.ariat.com/mens-fr-jackets-vests,us_en_en_us,en
https://www.ariat.com/gifts-for-him,us_en_en_us,en
https://www.ariat.com/venttek-bogo,us_en_en_us,en
https://www.ariat.com/women-western-fashion-boots,us_en_en_us,en
https://www.ariat.com/womens-patriotic-boots,us_en_en_us,en
https://www.ariat.com/womens-farm-ranch-boots,us_en_en_us,en
https://www.ariat.com/t/womens-square-toe-cowboy-boots,us_en_en_us,en
https://www.ariat.com/t/womens-round-toe-cowboy-boots,us_en_en_us,en
https://www.ariat.com/t/womens-insulated-riding-boots,us_en_en_us,en
https://www.ariat.com/womens-fr-jackets-vests,us_en_en_us,en
https://www.ariat.com/womens-fr-clothing,us_en_en_us,en
https://www.ariat.com/t/kids-casual-shoes,us_en_en_us,en
https://www.ariat.com/t/kids-cowboy-boots,us_en_en_us,en
https://www.ariat.com/t/kids-square-toe-boots,us_en_en_us,en
https://www.ariat.com/t/kids-work-boots,us_en_en_us,en
https://www.ariat.com/t/kids-western-slippers,us_en_en_us,en
https://www.ariat.com/t/girls-square-toe-boots,us_en_en_us,en
https://www.ariat.com/t/girls-cowgirl-boots,us_en_en_us,en
https://www.ariat.com/t/girls-boots,us_en_en_us,en
https://www.ariat.com/t/little-girls-cowboy-boots,us_en_en_us,en
https://www.ariat.com/t/boys-boots,us_en_en_us,en
https://www.ariat.com/t/boys-cowboy-boots,us_en_en_us,en
https://www.ariat.com/t/boys-square-toe-boots,us_en_en_us,en
https://www.ariat.com/t/little-boys-cowboy-boots,us_en_en_us,en
https://www.ariat.com/t/infant-boots,us_en_en_us,en
https://www.ariat.com/t/infant-brown-boots,us_en_en_us,en
https://www.ariat.com/t/kids-western-clothes,us_en_en_us,en
https://www.ariat.com/t/kids-western-wear,us_en_en_us,en
https://www.ariat.com/english-riding-sale,us_en_en_us,en
https://www.ariat.com/english-riding-boots-on-sale,us_en_en_us,en
https://www.ariat.com/western-sale,us_en_en_us,en
https://www.ariat.com/kids-clothing-on-sale,us_en_en_us,en
https://www.ariat.com/masks-on-sale,us_en_en_us,en
https://www.ariat.com/t/warehouse-boots,us_en_en_us,en
https://www.ariat.com/t/construction-work-boots,us_en_en_us,en
https://www.ariat.com/t/construction-boots,us_en_en_us,en
https://www.ariat.com/t/waterproof-boots,us_en_en_us,en
https://www.ariat.com/t/warehouse-work-boots,us_en_en_us,en
https://www.ariat.com/t/agriculture-boots,us_en_en_us,en
https://www.ariat.com/t/agriculture-work-boots,us_en_en_us,en
https://www.ariat.com/t/waterproof-brown-boots,us_en_en_us,en
https://www.ariat.com/t/mechanic-boots,us_en_en_us,en
https://www.ariat.com/t/composite-toe-work-shoes,us_en_en_us,en
https://www.ariat.com/t/forestry-boots,us_en_en_us,en
https://www.ariat.com/t/tall-heritage-riding-boots,us_en_en_us,en
https://www.ariat.com/t/landscaping-boots,us_en_en_us,en
https://www.ariat.com/t/sport-country-boots,us_en_en_us,en
https://www.ariat.com/t/factory-boots,us_en_en_us,en
https://www.ariat.com/t/factory-work-boots,us_en_en_us,en
https://www.ariat.com/t/plumbing-boots,us_en_en_us,en
https://www.ariat.com/t/electrician-boots,us_en_en_us,en
https://www.ariat.com/t/electrician-work-boots,us_en_en_us,en
https://www.ariat.com/t/landscaping-work-boots,us_en_en_us,en
https://www.ariat.com/t/building-construction-work-boots,us_en_en_us,en
https://www.ariat.com/t/building-construction-boots,us_en_en_us,en
https://www.ariat.com/t/steel-toe-wide-boots,us_en_en_us,en
https://www.ariat.com/t/ranch-boots,us_en_en_us,en
https://www.ariat.com/t/brown-360-degree-western-boots,us_en_en_us,en
https://www.ariat.com/t/black-sport-western-boots,us_en_en_us,en
https://www.ariat.com/t/brown-round-boots,us_en_en_us,en
https://www.ariat.com/t/brown-round-western-boots,us_en_en_us,en
https://www.ariat.com/t/brown-round-toe-boots,us_en_en_us,en
https://www.ariat.com/t/stretch-boots,us_en_en_us,en
https://www.ariat.com/t/red-cowboy-boots,us_en_en_us,en
https://www.ariat.com/t/sport-outdoor-western-boots,us_en_en_us,en
https://www.ariat.com/t/sport-wide-square-toe-western-boot,us_en_en_us,en
https://www.ariat.com/t/half-chaps,us_en_en_us,en
https://www.ariat.com/t/zip-tall-riding-boots,us_en_en_us,en
https://www.ariat.com/t/pink-western-boots,us_en_en_us,en
https://www.ariat.com/t/waterproof-riding-boots,us_en_en_us,en
https://www.ariat.com/t/wide-calf-western-boots,us_en_en_us,en
https://www.ariat.com/t/comfortable-cowboy-boots,us_en_en_us,en
https://www.ariat.com/t/blue-cowboy-boots,us_en_en_us,en
https://www.ariat.com/t/blue-cowgirl-boots,us_en_en_us,en
https://www.ariat.com/t/blue-slippers,us_en_en_us,en
https://www.ariat.com/t/sport-boots,us_en_en_us,en
https://www.ariat.com/t/black-waterproof-insulated-boots,us_en_en_us,en
https://www.ariat.com/t/green-boots,us_en_en_us,en
https://www.ariat.com/t/gray-boots,us_en_en_us,en
https://www.ariat.com/t/gray-western-boots,us_en_en_us,en
https://www.ariat.com/t/insulated-work-boots,us_en_en_us,en
https://www.ariat.com/t/black-round-toe-western-boots,us_en_en_us,en
https://www.ariat.com/t/recon-boots,us_en_en_us,en
https://www.ariat.com/t/composite-toe-shoes,us_en_en_us,en
https://www.ariat.com/t/derby-boots,us_en_en_us,en
https://www.ariat.com/t/field-riding-boots,us_en_en_us,en
https://www.ariat.com/t/country-boots,us_en_en_us,en
https://www.ariat.com/t/black-chaps,us_en_en_us,en
https://www.ariat.com/t/brown-boots,us_en_en_us,en
https://www.ariat.com/t/brown-country-boots,us_en_en_us,en
https://www.ariat.com/t/bootie-slippers,us_en_en_us,en
https://www.ariat.com/t/black-tall-boots,us_en_en_us,en
https://www.ariat.com/t/black-tall-riding-boots,us_en_en_us,en
https://www.ariat.com/t/black-wide-boots,us_en_en_us,en
https://www.ariat.com/t/brown-western-wide-boots,us_en_en_us,en
https://www.ariat.com/t/black-square-toe-boots,us_en_en_us,en
https://www.ariat.com/t/white-western-boots,us_en_en_us,en
https://www.ariat.com/t/brown-work-boots,us_en_en_us,en
https://www.ariat.com/t/black-western-boots,us_en_en_us,en
https://www.ariat.com/t/square-toe-western-boots,us_en_en_us,en
https://www.ariat.com/t/round-toe-western-boots,us_en_en_us,en
https://www.ariat.com/t/beige-western-boots,us_en_en_us,en
https://www.ariat.com/t/brown-work-wide-boots,us_en_en_us,en
https://www.ariat.com/t/waterproof-black-boots,us_en_en_us,en
https://www.ariat.com/t/waterproof-brown-work-boots,us_en_en_us,en
https://www.ariat.com/t/tall-waterproof-boots,us_en_en_us,en
https://www.ariat.com/t/waterproof-work-boots,us_en_en_us,en
https://www.ariat.com/t/western-waterproof-boots,us_en_en_us,en
https://www.ariat.com/rebar-footwear,us_en_en_us,en
https://www.ariat.com/american-flag-boots,us_en_en_us,en
https://www.ariat.com/heritage-boots,us_en_en_us,en
https://www.ariat.com/fatbaby-boots,us_en_en_us,en
https://www.ariat.com/hybrid-rancher-boots,us_en_en_us,en
https://www.ariat.com/black-cowboy-boots,us_en_en_us,en
https://www.ariat.com/brown-cowboy-boots,us_en_en_us,en
https://www.ariat.com/black-cowgirl-boots,us_en_en_us,en
https://www.ariat.com/brown-cowgirl-boots,us_en_en_us,en
https://www.ariat.com/t/brown-steel-toe-work-boots,us_en_en_us,en
https://www.ariat.com/t/brown-square-toe-boots,us_en_en_us,en
https://www.ariat.com/t/square-toe-work-boots,us_en_en_us,en
https://www.ariat.com/t/brown-square-toe-western-boots,us_en_en_us,en
https://www.ariat.com/t/brown-insulated-boots,us_en_en_us,en
https://www.ariat.com/t/brown-round-toe-western-boots,us_en_en_us,en
https://www.ariat.com/t/gray-western-t-shirt,us_en_en_us,en
https://www.ariat.com/t/gray-usa-t-shirt,us_en_en_us,en
https://www.ariat.com/t/skull-t-shirt,us_en_en_us,en
https://www.ariat.com/t/blue-fr-t-shirt,us_en_en_us,en
https://www.ariat.com/t/american-t-shirt,us_en_en_us,en
https://www.ariat.com/t/black-fr-tshirt,us_en_en_us,en
https://www.ariat.com/t/stretch-scrub-pants,us_en_en_us,en
https://www.ariat.com/t/cotton-t-shirt,us_en_en_us,en
https://www.ariat.com/t/red-logo-t-shirt,us_en_en_us,en
https://www.ariat.com/t/red-ariat-logo-t-shirt,us_en_en_us,en
https://www.ariat.com/t/black-camo-t-shirt,us_en_en_us,en
https://www.ariat.com/t/americana-t-shirt,us_en_en_us,en
https://www.ariat.com/t/stretch-t-shirt,us_en_en_us,en
https://www.ariat.com/t/blue-american-t-shirt,us_en_en_us,en
https://www.ariat.com/t/blue-western-t-shirt,us_en_en_us,en
https://www.ariat.com/t/red-usa-t-shirt,us_en_en_us,en
https://www.ariat.com/t/work-fr-t-shirt,us_en_en_us,en
https://www.ariat.com/t/american-flag-t-shirt,us_en_en_us,en
https://www.ariat.com/t/sun-shirt,us_en_en_us,en
https://www.ariat.com/t/american-graphic-t-shirt,us_en_en_us,en
https://www.ariat.com/t/american-flag-shirt,us_en_en_us,en
https://www.ariat.com/t/stretch-pants,us_en_en_us,en
https://www.ariat.com/t/straight-leg-fr-pants,us_en_en_us,en
https://www.ariat.com/t/straight-leg-fr-jeans,us_en_en_us,en
https://www.ariat.com/t/jogger-scrub-pants,us_en_en_us,en
https://www.ariat.com/t/western-shorts,us_en_en_us,en
https://www.ariat.com/t/trucker-jacket,us_en_en_us,en
https://www.ariat.com/t/waterproof-jacket,us_en_en_us,en
https://www.ariat.com/t/blue-waterproof-jacket,us_en_en_us,en
https://www.ariat.com/t/black-classic-fit-shirt,us_en_en_us,en
https://www.ariat.com/t/black-team-softshell-jacket,us_en_en_us,en
https://www.ariat.com/t/blue-classic-fit-shirt,us_en_en_us,en
https://www.ariat.com/t/gray-insulated-jacket,us_en_en_us,en
https://www.ariat.com/t/gray-insulated-vest,us_en_en_us,en
https://www.ariat.com/t/summer-horse-riding-clothes,us_en_en_us,en
https://www.ariat.com/t/pink-quarter-zip-base-layer,us_en_en_us,en
https://www.ariat.com/t/equestrian-show-coat,us_en_en_us,en
https://www.ariat.com/t/equestrian-show-shirt,us_en_en_us,en
https://www.ariat.com/t/gray-zip-hoodie,us_en_en_us,en
https://www.ariat.com/t/american-flag-hoodie,us_en_en_us,en
https://www.ariat.com/t/full-zip-sweatshirt,us_en_en_us,en
https://www.ariat.com/t/black-quarter-zip-base-layer,us_en_en_us,en
https://www.ariat.com/t/gray-shirt,us_en_en_us,en
https://www.ariat.com/t/blue-shirt-jacket,us_en_en_us,en
https://www.ariat.com/t/shirt-jacket,us_en_en_us,en
https://www.ariat.com/t/gray-t-shirt,us_en_en_us,en
https://www.ariat.com/t/western-shirt,us_en_en_us,en
https://www.ariat.com/t/water-resistant-jacket,us_en_en_us,en
https://www.ariat.com/t/gray-straight-leg-pants,us_en_en_us,en
https://www.ariat.com/t/utility-scrub-pants,us_en_en_us,en
https://www.ariat.com/t/gray-tights,us_en_en_us,en
https://www.ariat.com/t/thermal-half-grip-tights,us_en_en_us,en
https://www.ariat.com/t/gray-quarter-zip-base-layer,us_en_en_us,en
https://www.ariat.com/t/gray-sweater,us_en_en_us,en
https://www.ariat.com/t/gray-sweatshirt,us_en_en_us,en
https://www.ariat.com/t/scrub-jacket,us_en_en_us,en
https://www.ariat.com/t/scrub-top,us_en_en_us,en
https://www.ariat.com/t/softshell-vest,us_en_en_us,en
https://www.ariat.com/t/stretch-jacket,us_en_en_us,en
https://www.ariat.com/t/stretch-jeans,us_en_en_us,en
https://www.ariat.com/t/stretch-shirt,us_en_en_us,en
https://www.ariat.com/t/gray-hoodie-sweatshirt,us_en_en_us,en
https://www.ariat.com/t/gray-jeans,us_en_en_us,en
https://www.ariat.com/t/black-straight-leg-pants,us_en_en_us,en
https://www.ariat.com/t/black-waterproof-jacket,us_en_en_us,en
https://www.ariat.com/t/boot-cut-fr-jeans,us_en_en_us,en
https://www.ariat.com/t/blue-boot-cut-jeans,us_en_en_us,en
https://www.ariat.com/t/blue-quarter-zip-base-layer,us_en_en_us,en
https://www.ariat.com/t/blue-straight-leg-fr-jeans,us_en_en_us,en
https://www.ariat.com/t/blue-western-shirt,us_en_en_us,en
https://www.ariat.com/t/boot-cut-jeans,us_en_en_us,en
https://www.ariat.com/t/green-base-layer,us_en_en_us,en
https://www.ariat.com/t/gray-base-layer,us_en_en_us,en
https://www.ariat.com/t/gray-flannel-shirt,us_en_en_us,en
https://www.ariat.com/t/gray-pants,us_en_en_us,en
https://www.ariat.com/t/gray-softshell-jacket,us_en_en_us,en
https://www.ariat.com/t/henley-top,us_en_en_us,en
https://www.ariat.com/t/high-rise-jeans,us_en_en_us,en
https://www.ariat.com/t/insulated-jacket,us_en_en_us,en
https://www.ariat.com/t/red-insulated-jacket,us_en_en_us,en
https://www.ariat.com/t/brown-insulated-vest,us_en_en_us,en
https://www.ariat.com/t/blue-insulated-vest,us_en_en_us,en
https://www.ariat.com/t/red-insulated-vest,us_en_en_us,en
https://www.ariat.com/t/insulated-vest,us_en_en_us,en
https://www.ariat.com/t/logo-shirt,us_en_en_us,en
https://www.ariat.com/t/logo-softshell-jacket,us_en_en_us,en
https://www.ariat.com/t/logo-sweatshirt,us_en_en_us,en
https://www.ariat.com/t/logo-t-shirt,us_en_en_us,en
https://www.ariat.com/t/ariat-logo-jacket,us_en_en_us,en
https://www.ariat.com/t/ariat-logo-softshell-jacket,us_en_en_us,en
https://www.ariat.com/t/ariat-logo-sweatshirt,us_en_en_us,en
https://www.ariat.com/t/ariat-logo-vest,us_en_en_us,en
https://www.ariat.com/t/low-rise-pants,us_en_en_us,en
https://www.ariat.com/t/mid-rise-boot-cut-jeans,us_en_en_us,en
https://www.ariat.com/t/mid-rise-jeans,us_en_en_us,en
https://www.ariat.com/t/pink-base-layer,us_en_en_us,en
https://www.ariat.com/t/pullover-hoodie,us_en_en_us,en
https://www.ariat.com/t/pullover-sweatshirt,us_en_en_us,en
https://www.ariat.com/t/red-base-layer,us_en_en_us,en
https://www.ariat.com/t/red-tights,us_en_en_us,en
https://www.ariat.com/t/grey-work-shirt,us_en_en_us,en
https://www.ariat.com/t/blue-henley-top,us_en_en_us,en
https://www.ariat.com/t/blue-high-rise-jeans,us_en_en_us,en
https://www.ariat.com/t/blue-insulated-jacket,us_en_en_us,en
https://www.ariat.com/t/blue-mid-rise-jeans,us_en_en_us,en
https://www.ariat.com/t/blue-scrub-top,us_en_en_us,en
https://www.ariat.com/t/blue-show-shirt,us_en_en_us,en
https://www.ariat.com/t/blue-softshell-jacket,us_en_en_us,en
https://www.ariat.com/t/blue-twill-shirt,us_en_en_us,en
https://www.ariat.com/t/brown-base-layer,us_en_en_us,en
https://www.ariat.com/t/brown-down-vest,us_en_en_us,en
https://www.ariat.com/t/brown-insulated-jacket,us_en_en_us,en
https://www.ariat.com/t/brown-softshell-vest,us_en_en_us,en
https://www.ariat.com/t/canvas-jacket,us_en_en_us,en
https://www.ariat.com/t/classic-softshell-jacket,us_en_en_us,en
https://www.ariat.com/t/denim-shirt,us_en_en_us,en
https://www.ariat.com/t/double-front-pants,us_en_en_us,en
https://www.ariat.com/t/down-jacket,us_en_en_us,en
https://www.ariat.com/t/down-vest,us_en_en_us,en
https://www.ariat.com/t/field-jacket,us_en_en_us,en
https://www.ariat.com/t/fleece-hoodie,us_en_en_us,en
https://www.ariat.com/t/fleece-jacket,us_en_en_us,en
https://www.ariat.com/t/fleece-sweatshirt,us_en_en_us,en
https://www.ariat.com/t/fleece-top,us_en_en_us,en
https://www.ariat.com/t/full-seat-tights,us_en_en_us,en
https://www.ariat.com/t/black-canvas-jacket,us_en_en_us,en
https://www.ariat.com/t/black-insulated-jacket,us_en_en_us,en
https://www.ariat.com/t/black-insulated-vest,us_en_en_us,en
https://www.ariat.com/t/black-softshell-jacket,us_en_en_us,en
https://www.ariat.com/t/black-softshell-vest,us_en_en_us,en
https://www.ariat.com/t/blue-down-jacket,us_en_en_us,en
https://www.ariat.com/t/black-team-jacket,us_en_en_us,en
https://www.ariat.com/t/pink-work-shirt,us_en_en_us,en
https://www.ariat.com/t/work-shirt,us_en_en_us,en
https://www.ariat.com/t/blue-work-shirt,us_en_en_us,en
https://www.ariat.com/t/work-flannel-shirt,us_en_en_us,en
https://www.ariat.com/t/twill-work-shirt,us_en_en_us,en
https://www.ariat.com/american-flag-clothing,us_en_en_us,en
https://www.ariat.com/duracanvas-jackets,us_en_en_us,en
https://www.ariat.com/mexico-flag-jackets,us_en_en_us,en
https://www.ariat.com/t/gray-ariat-logo-hat,us_en_en_us,en
https://www.ariat.com/t/ariat-logo-hat,us_en_en_us,en
https://www.ariat.com/t/flag-cap,us_en_en_us,en
https://www.ariat.com/t/square-toe-slippers,us_en_en_us,en
https://www.ariat.com/t/gray-performance-socks,us_en_en_us,en
https://www.ariat.com/t/gray-steel-toe-socks,us_en_en_us,en
https://www.ariat.com/t/boot-cushion-insoles,us_en_en_us,en
https://www.ariat.com/t/western-wallet,us_en_en_us,en
https://www.ariat.com/t/rodeo-wallet,us_en_en_us,en
https://www.ariat.com/t/gray-socks,us_en_en_us,en
https://www.ariat.com/t/gray-hat,us_en_en_us,en
https://www.ariat.com/t/green-beanie,us_en_en_us,en
https://www.ariat.com/t/green-cap,us_en_en_us,en
https://www.ariat.com/t/gray-beanie,us_en_en_us,en
https://www.ariat.com/t/gray-mesh-cap,us_en_en_us,en
https://www.ariat.com/t/ariat-logo-cap,us_en_en_us,en
https://www.ariat.com/t/ariat-logo-wallet,us_en_en_us,en
https://www.ariat.com/t/mesh-hat,us_en_en_us,en
https://www.ariat.com/t/mid-calf-socks,us_en_en_us,en
https://www.ariat.com/t/midweight-socks,us_en_en_us,en
https://www.ariat.com/t/pink-cap,us_en_en_us,en
https://www.ariat.com/t/red-beanie,us_en_en_us,en
https://www.ariat.com/t/steel-toe-socks,us_en_en_us,en
https://www.ariat.com/t/blue-watch-cap,us_en_en_us,en
https://www.ariat.com/t/work-socks,us_en_en_us,en
https://www.ariat.com/t/crew-work-socks,us_en_en_us,en
https://www.ariat.com/t/cotton-work-socks,us_en_en_us,en
https://www.ariat.com/t/work-gloves,us_en_en_us,en
https://www.ariat.com/t/grey-work-socks,us_en_en_us,en
https://www.ariat.com/t/bifold-wallet,us_en_en_us,en
https://www.ariat.com/t/black-mid-calf-socks,us_en_en_us,en
https://www.ariat.com/wexford-boots-collection,us_en_en_us,en
https://www.ariat.com/al/are-cowboy-boots-good-for-winter,us_en_en_us,en
https://www.ariat.com/al/are-cowboy-boots-waterproof,us_en_en_us,en
https://www.ariat.com/al/are-muck-boots-waterproof,us_en_en_us,en
https://www.ariat.com/al/best-boots-for-concrete-surfaces,us_en_en_us,en
https://www.ariat.com/al/best-cooling-shirts-for-hot-weather,us_en_en_us,en
https://www.ariat.com/al/best-cowboy-boots-for-high-arches,us_en_en_us,en
https://www.ariat.com/al/best-cowboy-boots-for-wide-feet,us_en_en_us,en
https://www.ariat.com/al/best-farm-boots-for-men,us_en_en_us,en
https://www.ariat.com/al/best-farm-boots-for-women,us_en_en_us,en
https://www.ariat.com/al/best-lace-up-work-boots,us_en_en_us,en
https://www.ariat.com/al/best-socks-for-cowboy-boots,us_en_en_us,en
https://www.ariat.com/al/best-summer-work-boots,us_en_en_us,en
https://www.ariat.com/al/cowboy-boot-care,us_en_en_us,en
https://www.ariat.com/al/cowboy-boot-styles,us_en_en_us,en
https://www.ariat.com/al/cowboy-boots-outfits-women,us_en_en_us,en
https://www.ariat.com/al/cowboy-boots-square-toe-vs-pointed-toe,us_en_en_us,en
https://www.ariat.com/al/different-types-of-horseback-riding,us_en_en_us,en
https://www.ariat.com/al/different-types-of-western-horseback-riding,us_en_en_us,en
https://www.ariat.com/al/getting-kids-started-in-horseback-riding-lessons,us_en_en_us,en
https://www.ariat.com/al/how-to-alter-jeans,us_en_en_us,en
https://www.ariat.com/al/how-to-clean-cowboy-boots,us_en_en_us,en
https://www.ariat.com/al/how-to-clean-muck-boots,us_en_en_us,en
https://www.ariat.com/al/how-to-clean-suede-boots,us_en_en_us,en
https://www.ariat.com/al/how-to-cut-your-jeans-into-shorts,us_en_en_us,en
https://www.ariat.com/al/how-to-fit-half-chaps,us_en_en_us,en
https://www.ariat.com/al/how-to-fix-scuffed-leather-boots-shoes,us_en_en_us,en
https://www.ariat.com/al/how-to-patch-jeans,us_en_en_us,en
https://www.ariat.com/al/how-to-polish-leather-boots,us_en_en_us,en
https://www.ariat.com/al/how-to-rip-jeans,us_en_en_us,en
https://www.ariat.com/al/how-to-sew-holes-in-jeans,us_en_en_us,en
https://www.ariat.com/al/how-to-sew-on-patches,us_en_en_us,en
https://www.ariat.com/al/how-to-style-womens-sneakers,us_en_en_us,en
https://www.ariat.com/al/roper-vs-cowboy-boot,us_en_en_us,en
https://www.ariat.com/al/summer-cowboy-boots,us_en_en_us,en
https://www.ariat.com/al/the-best-kids-boots-for-back-to-school,us_en_en_us,en
https://www.ariat.com/al/what-are-muck-boots,us_en_en_us,en
https://www.ariat.com/al/what-are-roper-boots,us_en_en_us,en
https://www.ariat.com/al/what-are-the-lightest-work-boots,us_en_en_us,en
https://www.ariat.com/al/what-are-the-most-comfortable-work-boots,us_en_en_us,en
https://www.ariat.com/al/what-is-bison-leather,us_en_en_us,en
https://www.ariat.com/al/what-to-wear-horseback-riding-in-summer,us_en_en_us,en
https://www.ariat.com/al/what-to-wear-to-a-country-concert-women,us_en_en_us,en
https://www.ariat.com/al/what-to-wear-to-a-tailgate-party,us_en_en_us,en
https://www.ariat.com/al/what-to-wear-with-cowboy-boots,us_en_en_us,en
https://www.ariat.com/al/winter-outfit-ideas-with-cowboy-boots,us_en_en_us,en
https://www.ariat.com/al/kent-rollins-steak-tips,us_en_en_us,en
https://www.ariat.com/al/gifts-for-horse-lovers,us_en_en_us,en
https://www.ariat.com/al/halloween-costumes-with-cowboy-boots,us_en_en_us,en
https://www.ariat.com/mens-english-riding-accessories,us_en_en_us,en
https://www.ariat.com/men-new_best,us_en_en_us,en
https://www.ariat.com/storelocator-outside-us,us_en_en_us,en
https://www.ariat.com/womens-work-pants-shorts,us_en_en_us,en
https://www.ariat.com/made-tough-pants,us_en_en_us,en
https://www.ariat.com/mens-work-t-shirts-polos,us_en_en_us,en
https://www.ariat.com/al/best-riding-breeches,us_en_en_us,en
https://www.ariat.com/al/how-to-fit-equestrian-show-coat,us_en_en_us,en
https://www.ariat.com/al/hunters-jumpers-and-equitation-guide,us_en_en_us,en
https://www.ariat.com/womens-breeches,us_en_en_us,en
https://www.ariat.com/womens-english-riding-polos,us_en_en_us,en
https://www.ariat.com/womens-english-riding-jackets-vests,us_en_en_us,en
https://www.ariat.com/womens-riding-quarter-half-zip-sweatshirts,us_en_en_us,en
https://www.ariat.com/womens-english-show-clothing,us_en_en_us,en
https://www.ariat.com/womens-english-riding-hoodies-sweatshirts,us_en_en_us,en
https://www.ariat.com/womens-riding-leggings-tights,us_en_en_us,en
https://www.ariat.com/womens-english-riding-tops-t-shirts,us_en_en_us,en
https://www.ariat.com/mens-safety-shoes,us_en_en_us,en
https://www.ariat.com/mens-quarter-half-zip-sweatshirts-hoodies,us_en_en_us,en
https://www.ariat.com/mens-full-zip-hoodies,us_en_en_us,en
https://www.ariat.com/men-clothing-sweatshirts_hoodies-pullover,us_en_en_us,en
https://www.ariat.com/mens-short-sleve-button-down-shirts,us_en_en_us,en
https://www.ariat.com/mens-plaid-printed-button-down-shirts,us_en_en_us,en
https://www.ariat.com/mens-wrinkle-free-shirts,us_en_en_us,en
https://www.ariat.com/breathable-workwear,us_en_en_us,en
https://www.ariat.com/womens-western-accessories,us_en_en_us,en
https://www.ariat.com/womens-western-jeans,us_en_en_us,en
https://www.ariat.com/al/how-to-pack-cowboy-boots,us_en_en_us,en
https://www.ariat.com/al/how-to-clean-and-maintain-work-boots,us_en_en_us,en
https://www.ariat.com/al/how-to-break-in-new-work-boots,us_en_en_us,en
https://www.ariat.com/al/wide-calf-cowboy-boots-for-women-guide,us_en_en_us,en
https://www.ariat.com/al/dogs-of-ariat,us_en_en_us,en
https://www.ariat.com/shock-shield-work-boots,us_en_en_us,en
https://www.ariat.com/workhog-collection,us_en_en_us,en
https://www.ariat.com/mens-waterproof-work-boots,us_en_en_us,en
https://www.ariat.com/mens-work-jeans,us_en_en_us,en
https://www.ariat.com/work-waterproof,us_en_en_us,en
https://www.ariat.com/womens-exotic-cowboy-boots,us_en_en_us,en
https://www.ariat.com/futurity-collection,us_en_en_us,en
https://www.ariat.com/mens-paddock-boots,us_en_en_us,en
https://www.ariat.com/mens-tall-riding-boots,us_en_en_us,en
https://www.ariat.com/mens-trail-riding-boots,us_en_en_us,en
https://www.ariat.com/womens-work-jackets-vests,us_en_en_us,en
https://www.ariat.com/womens-work-jeans,us_en_en_us,en
https://www.ariat.com/womens-work-hoodies-sweatshirts,us_en_en_us,en
https://www.ariat.com/womens-work-t-shirts,us_en_en_us,en
https://www.ariat.com/mens-traditional-relaxed,us_en_en_us,en
https://www.ariat.com/english-athletes,us_en_en_us,en
https://www.ariat.com/al/relentless-collab,us_en_en_us,en
https://www.ariat.com/al/cowboy-boot-toe-styles,us_en_en_us,en
https://www.ariat.com/al/different-events-at-the-rodeo,us_en_en_us,en
https://www.ariat.com/mens-english-riding-jackets-vests,us_en_en_us,en
https://www.ariat.com/mens-english-show-clothing,us_en_en_us,en
https://www.ariat.com/mens-riding-shirts,us_en_en_us,en
https://www.ariat.com/mens-english-riding-polos,us_en_en_us,en
https://www.ariat.com/search?q=ravello,us_en_en_us,en
https://www.ariat.com/venture-collection,us_en_en_us,en
https://www.ariat.com/al/ariat-presents-beezie-madden,us_en_en_us,en
https://www.ariat.com/kids-new_best,us_en_en_us,en
https://www.ariat.com/womens-english-riding-accessories,us_en_en_us,en
https://www.ariat.com/women-new_best,us_en_en_us,en
https://www.ariat.com/womens-pull-on-work-boots,us_en_en_us,en
https://www.ariat.com/womens-safety-toe-work-boots,us_en_en_us,en
https://www.ariat.com/mens-work-hoodies-sweatshirts,us_en_en_us,en
https://www.ariat.com/mens-bibs-overalls,us_en_en_us,en
https://www.ariat.com/boot-repair-resole,us_en_en_us,en
https://www.ariat.com/ariat_reboot_modal,us_en_en_us,en
https://www.ariat.com/gogreen-denim-recycling,us_en_en_us,en
https://www.ariat.com/mens-work-shorts,us_en_en_us,en
https://www.ariat.com/womens-pants,us_en_en_us,en
https://www.ariat.com/womens-shorts,us_en_en_us,en
https://www.ariat.com/womens-leggings-tights,us_en_en_us,en
https://www.ariat.com/womens-sweatpants-joggers,us_en_en_us,en
https://www.ariat.com/mens-english-riding-gloves,us_en_en_us,en
https://www.ariat.com/ariat,us_en_en_us,en
https://www.ariat.com/mens-western-accessories,us_en_en_us,en
https://www.ariat.com/mens-western-button-down-shirts,us_en_en_us,en
https://www.ariat.com/mens-western-jackets-vests,us_en_en_us,en
https://www.ariat.com/al/ryan-dirteater,us_en_en_us,en
https://www.ariat.com/al/najiah-knight,us_en_en_us,en
https://www.ariat.com/al/ezekiel-mitchell,us_en_en_us,en
https://www.ariat.com/al/trevor-brazile,us_en_en_us,en
https://www.ariat.com/al/jose-vitor-leme,us_en_en_us,en
https://www.ariat.com/al/jackie-hobbs-crawford,us_en_en_us,en
https://www.ariat.com/al/so-they-say-brianna-noble-randy-savvy,us_en_en_us,en
https://www.ariat.com/al/ariat-presents-john-french,us_en_en_us,en
https://www.ariat.com/mens-western-jeans,us_en_en_us,en
https://www.ariat.com/find-a-retailer,us_en_en_us,en
https://www.ariat.com/men-accessories-belts-western_belts,us_en_en_us,en
https://www.ariat.com/water-resistant-jackets,us_en_en_us,en
https://www.ariat.com/insulated-clothing,us_en_en_us,en
https://www.ariat.com/womens-button-down-fr-shirts,us_en_en_us,en
https://www.ariat.com/womens-western-belts,us_en_en_us,en
https://www.ariat.com/mens-western-belts,us_en_en_us,en
https://www.ariat.com/h2lo-sustainable-denim,us_en_en_us,en
https://www.ariat.com/bluesign-sustainable-clothing,us_en_en_us,en
https://www.ariat.com/al/local-guide-bozeman-montana,us_en_en_us,en
https://www.ariat.com/al/local-guide-nashville-tennessee,us_en_en_us,en
https://www.ariat.com/mens-fr-button-down-shirts,us_en_en_us,en
https://www.ariat.com/womens-full-zip-hoodies-sweatshirts,us_en_en_us,en
https://www.ariat.com/womens-wedding-boots,us_en_en_us,en
https://www.ariat.com/mens-fr-jeans,us_en_en_us,en
https://www.ariat.com/women-collections,us_en_en_us,en
https://www.ariat.com/mens-fr-tops,us_en_en_us,en
https://www.ariat.com/mens-english-riding-belts,us_en_en_us,en
https://www.ariat.com/mens-english-riding-hats-caps,us_en_en_us,en
https://www.ariat.com/mens-english-riding-socks,us_en_en_us,en
https://www.ariat.com/pink-cowgirl-boots,us_en_en_us,en
https://www.ariat.com/womens-long-sleeve-fr-shirts,us_en_en_us,en
https://www.ariat.com/womens-english-riding-belts,us_en_en_us,en
https://www.ariat.com/mens-fr-pants,us_en_en_us,en
https://www.ariat.com/t/blue-fr-jeans,us_en_en_us,en
https://www.ariat.com/al/milton-menasco-collab,us_en_en_us,en
https://www.ariat.com/al/rodeo-quincy-collab,us_en_en_us,en
https://www.ariat.com/al/sendero-collab,us_en_en_us,en
https://www.ariat.com/sendero-collection,us_en_en_us,en
https://www.ariat.com/al/chimayo,us_en_en_us,en
https://www.ariat.com/chimayo-collection,us_en_en_us,en
https://www.ariat.com/al/western-aloha-collab,us_en_en_us,en
https://www.ariat.com/al/compton-cowboys-capsule-collection,us_en_en_us,en
https://www.ariat.com/al/pendleton,us_en_en_us,en
https://www.ariat.com/ravello,us_en_en_us,en
https://www.ariat.com/gifts-for-her,us_en_en_us,en
https://www.ariat.com/t/youth-brown-boots,us_en_en_us,en
https://www.ariat.com/warranty,us_en_en_us,en
https://www.ariat.com/customer-order-status,us_en_en_us,en
https://www.ariat.com/womens-english-riding-bags-wallets,us_en_en_us,en
https://www.ariat.com/womens-fr-jeans,us_en_en_us,en
https://www.ariat.com/search?q=heritage%20paddock,us_en_en_us,en
https://www.ariat.com/t/black-knee-patch-tights,us_en_en_us,en
https://www.ariat.com/t/white-cowgirl-boots,us_en_en_us,en
https://www.ariat.com/t/work-shoes,us_en_en_us,en
https://www.ariat.com/al/so-they-say-jen-shaw,us_en_en_us,en
https://www.ariat.com/mens-fr-hoodies-sweatshirts,us_en_en_us,en
https://www.ariat.com/western-collections,us_en_en_us,en
https://www.ariat.com/breathable-shirts,us_en_en_us,en
https://www.ariat.com/breathable-clothing-boots,us_en_en_us,en
https://www.ariat.com/ecodry-water-resistant-clothing,us_en_en_us,en
https://www.ariat.com/bloom-collection,us_en_en_us,en
https://www.ariat.com/search?q=fatbaby,us_en_en_us,en
https://www.ariat.com/english-collections-ascent,us_en_en_us,en
https://www.ariat.com/english-show-clothing-boots,us_en_en_us,en
https://www.ariat.com/show-coats,us_en_en_us,en
https://www.ariat.com/show-shirts,us_en_en_us,en
https://www.ariat.com/show-breeches,us_en_en_us,en
https://www.ariat.com/english-show-boots,us_en_en_us,en
https://www.ariat.com/softshells,us_en_en_us,en
https://www.ariat.com/al/barrel-racing-guide,us_en_en_us,en
https://www.ariat.com/al/ariat-artist-ashley-mcbryde,us_en_en_us,en
https://www.ariat.com/womens-fr-pants,us_en_en_us,en
https://www.ariat.com/work-boots-turbo,us_en_en_us,en
https://www.ariat.com/womens-quarter-half-zip-hoodies-sweatshirts,us_en_en_us,en
https://www.ariat.com/womens-work-shirts,us_en_en_us,en
https://www.ariat.com/t/white-boots,us_en_en_us,en
https://www.ariat.com/womens-fr-hoodies-sweatshirts,us_en_en_us,en
https://www.ariat.com/womens-steel-toe-work-boots,us_en_en_us,en
https://www.ariat.com/womens-western-t-shirts-tops,us_en_en_us,en
https://www.ariat.com/mens-western-wallets-bags,us_en_en_us,en
https://www.ariat.com/mens-western-hats-caps,us_en_en_us,en
https://www.ariat.com/mens-western-socks,us_en_en_us,en
https://www.ariat.com/t/riding-boots,us_en_en_us,en
https://www.ariat.com/gifts-for-kids,us_en_en_us,en
https://www.ariat.com/western-performance-clothing,us_en_en_us,en
https://www.ariat.com/western-performance,us_en_en_us,en
https://www.ariat.com/t/utility-shorts,us_en_en_us,en
https://www.ariat.com/texasrattlers,us_en_en_us,en
https://www.ariat.com/t/wide-western-boots,us_en_en_us,en
https://www.ariat.com/western-performance-footwear,us_en_en_us,en
https://www.ariat.com/search?q=trizar,us_en_en_us,en
https://www.ariat.com/womens-english-riding-hats-caps,us_en_en_us,en
https://www.ariat.com/t/wool-socks,us_en_en_us,en
https://www.ariat.com/t/blue-knee-patch-tights,us_en_en_us,en
https://www.ariat.com/womens-english-riding-boot-insoles,us_en_en_us,en
https://www.ariat.com/t/desert-western-boots,us_en_en_us,en
https://www.ariat.com/womens-western-button-down-shirts,us_en_en_us,en
https://www.ariat.com/womens-western-pants-shorts,us_en_en_us,en
https://www.ariat.com/womens-western-sweatshirts-hoodies,us_en_en_us,en
https://www.ariat.com/t/blue-twill-classic-fit-shirt,us_en_en_us,en
https://www.ariat.com/search?q=zipper%20boots,us_en_en_us,en
https://www.ariat.com/search?q=team%20ariat,us_en_en_us,en
https://www.ariat.com/t/black-cotton-work-socks,us_en_en_us,en
https://www.ariat.com/mens-carbon-toe-work-boots,us_en_en_us,en
https://www.ariat.com/womens-western-hats-caps,us_en_en_us,en
https://www.ariat.com/womens-cowgirl-boot-insoles,us_en_en_us,en
https://www.ariat.com/womens-western-socks,us_en_en_us,en
https://www.ariat.com/cowboy-kent-rollins,us_en_en_us,en
https://www.ariat.com/t/merino-wool-socks,us_en_en_us,en
https://www.ariat.com/white-cowgirl-boots,us_en_en_us,en
https://www.ariat.com/advanced-technology-collection,us_en_en_us,en
https://www.ariat.com/shock-shield,us_en_en_us,en
https://www.ariat.com/ip,us_en_en_us,en
https://www.ariat.com/mens-steel-toe-work-boots,us_en_en_us,en
https://www.ariat.com/mens-composite-toe-work-boots,us_en_en_us,en
https://www.ariat.com/search?q=shock%20shield,us_en_en_us,en
https://www.ariat.com/mens-western-polos,us_en_en_us,en
https://www.ariat.com/mens-western-sweatshirts-hoodies,us_en_en_us,en
https://www.ariat.com/mens-western-t-shirts-tops,us_en_en_us,en
https://www.ariat.com/t/kids-brown-boots,us_en_en_us,en
https://www.ariat.com/al/so-they-say-trevor-brazile,us_en_en_us,en
https://www.ariat.com/t/white-stretch-shirt,us_en_en_us,en
https://www.ariat.com/womens-composite-toe-work-boots,us_en_en_us,en
https://www.ariat.com/search?q=softshell,us_en_en_us,en
https://www.ariat.com/al/so-they-say-beth-cross,us_en_en_us,en
https://www.ariat.com/al/ariat-athlete-jackie-crawford-roping,us_en_en_us,en
https://www.ariat.com/storelocator-outside-us-canada-retailers,us_en_en_us,en
https://www.ariat.com/breathable-work-boots,us_en_en_us,en
https://www.ariat.com/bantamweight-collection,us_en_en_us,en
https://www.ariat.com/sustainable-clothing,us_en_en_us,en
https://www.ariat.com/al/so-they-say-diesel-brothers,us_en_en_us,en
https://www.ariat.com/pdp_ravello_modal,us_en_en_us,en
https://www.ariat.com/al/local-guide-cheyenne,us_en_en_us,en
https://www.ariat.com/mens-soft-toe-work-boots,us_en_en_us,en
https://www.ariat.com/shock-shield-western-boots,us_en_en_us,en
https://www.ariat.com/search?q=western%20aloha,us_en_en_us,en
https://www.ariat.com/sustainable-footwear,us_en_en_us,en
https://www.ariat.com/breathable-boots,us_en_en_us,en
https://www.ariat.com/privacy-policy?format=ajax,us_en_en_us,en
https://www.ariat.com/lp_ascent_modal,us_en_en_us,en
https://www.ariat.com/search?q=boot%20cut%20jeans,us_en_en_us,en
https://www.ariat.com/shipping,us_en_en_us,en
https://www.ariat.com/lightweight-boots,us_en_en_us,en
https://www.ariat.com/recycled-poly-clothing,us_en_en_us,en
https://www.ariat.com/waterproof-boots-clothing,us_en_en_us,en
https://www.ariat.com/waterproof-english-riding-clothing,us_en_en_us,en
https://www.ariat.com/mens-english-riding-bags-wallets,us_en_en_us,en
https://www.ariat.com/search?q=ravello%20field%20boot,us_en_en_us,en
https://www.ariat.com/ethically-sourced-down,us_en_en_us,en
https://www.ariat.com/ethically-sourced-wool,us_en_en_us,en
https://www.ariat.com/organic-cotton-clothing,us_en_en_us,en
https://www.ariat.com/countryside-collection-r,us_en_en_us,en
https://www.ariat.com/breathable-cowboy-boots,us_en_en_us,en
https://www.ariat.com/mens-western-boots?pid=10051045,us_en_en_us,en
https://www.ariat.com/hoodies-promo,us_en_en_us,en
https://www.ariat.com/stocking-stuffers,us_en_en_us,en
https://www.ariat.com/gifts-for-all,us_en_en_us,en
https://www.ariat.com/cowgirl-blues,us_en_en_us,en
https://www.ariat.com/fireside-glam,us_en_en_us,en
https://www.ariat.com/harvest-hues,us_en_en_us,en
https://www.ariat.com/,at_de_de_at,en
https://www.ariat.com/at/de/,at_de_de_at,de-at
https://www.ariat.com/be/en/,at_de_de_at,en-be
https://www.ariat.com/ch/de/,at_de_de_at,de-ch
https://www.ariat.com/de/de/,at_de_de_at,de
https://www.ariat.com/dk/en/,at_de_de_at,en-dk
https://www.ariat.com/fi/en/,at_de_de_at,en-fi
https://www.ariat.com/fr/fr/,at_de_de_at,fr
https://www.ariat.com/gb/en/,at_de_de_at,en-gb
https://www.ariat.com/ie/en/,at_de_de_at,en-ie
https://www.ariat.com/it/en/,at_de_de_at,en-it
https://www.ariat.com/nl/en/,at_de_de_at,en-nl
https://www.ariat.com/no/en/,at_de_de_at,en-no
https://www.ariat.com/se/en/,at_de_de_at,en-se
https://www.ariat.com/,be_en_en_be,en
https://www.ariat.com/at/de/,be_en_en_be,de-at
https://www.ariat.com/be/en/,be_en_en_be,en-be
https://www.ariat.com/ch/de/,be_en_en_be,de-ch
https://www.ariat.com/de/de/,be_en_en_be,de
https://www.ariat.com/dk/en/,be_en_en_be,en-dk
https://www.ariat.com/fi/en/,be_en_en_be,en-fi
https://www.ariat.com/fr/fr/,be_en_en_be,fr
https://www.ariat.com/gb/en/,be_en_en_be,en-gb
https://www.ariat.com/ie/en/,be_en_en_be,en-ie
https://www.ariat.com/it/en/,be_en_en_be,en-it
https://www.ariat.com/nl/en/,be_en_en_be,en-nl
https://www.ariat.com/no/en/,be_en_en_be,en-no
https://www.ariat.com/se/en/,be_en_en_be,en-se
https://www.ariat.com/,ch_de_de_ch,en
https://www.ariat.com/at/de/,ch_de_de_ch,de-at
https://www.ariat.com/be/en/,ch_de_de_ch,en-be
https://www.ariat.com/ch/de/,ch_de_de_ch,de-ch
https://www.ariat.com/de/de/,ch_de_de_ch,de
https://www.ariat.com/dk/en/,ch_de_de_ch,en-dk
https://www.ariat.com/fi/en/,ch_de_de_ch,en-fi
https://www.ariat.com/fr/fr/,ch_de_de_ch,fr
https://www.ariat.com/gb/en/,ch_de_de_ch,en-gb
https://www.ariat.com/ie/en/,ch_de_de_ch,en-ie
https://www.ariat.com/it/en/,ch_de_de_ch,en-it
https://www.ariat.com/nl/en/,ch_de_de_ch,en-nl
https://www.ariat.com/no/en/,ch_de_de_ch,en-no
https://www.ariat.com/se/en/,ch_de_de_ch,en-se
https://www.ariat.com/,de_de_de_de,en
https://www.ariat.com/at/de/,de_de_de_de,de-at
https://www.ariat.com/be/en/,de_de_de_de,en-be
https://www.ariat.com/ch/de/,de_de_de_de,de-ch
https://www.ariat.com/de/de/,de_de_de_de,de
https://www.ariat.com/dk/en/,de_de_de_de,en-dk
https://www.ariat.com/fi/en/,de_de_de_de,en-fi
https://www.ariat.com/fr/fr/,de_de_de_de,fr
https://www.ariat.com/gb/en/,de_de_de_de,en-gb
https://www.ariat.com/ie/en/,de_de_de_de,en-ie
https://www.ariat.com/it/en/,de_de_de_de,en-it
https://www.ariat.com/nl/en/,de_de_de_de,en-nl
https://www.ariat.com/no/en/,de_de_de_de,en-no
https://www.ariat.com/se/en/,de_de_de_de,en-se
https://www.ariat.com/,dk_en_en_dk,en
https://www.ariat.com/at/de/,dk_en_en_dk,de-at
https://www.ariat.com/be/en/,dk_en_en_dk,en-be
https://www.ariat.com/ch/de/,dk_en_en_dk,de-ch
https://www.ariat.com/de/de/,dk_en_en_dk,de
https://www.ariat.com/dk/en/,dk_en_en_dk,en-dk
https://www.ariat.com/fi/en/,dk_en_en_dk,en-fi
https://www.ariat.com/fr/fr/,dk_en_en_dk,fr
https://www.ariat.com/gb/en/,dk_en_en_dk,en-gb
https://www.ariat.com/ie/en/,dk_en_en_dk,en-ie
https://www.ariat.com/it/en/,dk_en_en_dk,en-it
https://www.ariat.com/nl/en/,dk_en_en_dk,en-nl
https://www.ariat.com/no/en/,dk_en_en_dk,en-no
https://www.ariat.com/se/en/,dk_en_en_dk,en-se
https://www.ariat.com/,fi_en_en_fi,en
https://www.ariat.com/at/de/,fi_en_en_fi,de-at
https://www.ariat.com/be/en/,fi_en_en_fi,en-be
https://www.ariat.com/ch/de/,fi_en_en_fi,de-ch
https://www.ariat.com/de/de/,fi_en_en_fi,de
https://www.ariat.com/dk/en/,fi_en_en_fi,en-dk
https://www.ariat.com/fi/en/,fi_en_en_fi,en-fi
https://www.ariat.com/fr/fr/,fi_en_en_fi,fr
https://www.ariat.com/gb/en/,fi_en_en_fi,en-gb
https://www.ariat.com/ie/en/,fi_en_en_fi,en-ie
https://www.ariat.com/it/en/,fi_en_en_fi,en-it
https://www.ariat.com/nl/en/,fi_en_en_fi,en-nl
https://www.ariat.com/no/en/,fi_en_en_fi,en-no
https://www.ariat.com/se/en/,fi_en_en_fi,en-se
https://www.ariat.com/,fr_fr_fr_fr,en
https://www.ariat.com/at/de/,fr_fr_fr_fr,de-at
https://www.ariat.com/be/en/,fr_fr_fr_fr,en-be
https://www.ariat.com/ch/de/,fr_fr_fr_fr,de-ch
https://www.ariat.com/de/de/,fr_fr_fr_fr,de
https://www.ariat.com/dk/en/,fr_fr_fr_fr,en-dk
https://www.ariat.com/fi/en/,fr_fr_fr_fr,en-fi
https://www.ariat.com/fr/fr/,fr_fr_fr_fr,fr
https://www.ariat.com/gb/en/,fr_fr_fr_fr,en-gb
https://www.ariat.com/ie/en/,fr_fr_fr_fr,en-ie
https://www.ariat.com/it/en/,fr_fr_fr_fr,en-it
https://www.ariat.com/nl/en/,fr_fr_fr_fr,en-nl
https://www.ariat.com/no/en/,fr_fr_fr_fr,en-no
https://www.ariat.com/se/en/,fr_fr_fr_fr,en-se
https://www.ariat.com/,gb_en_en_gb,en
https://www.ariat.com/at/de/,gb_en_en_gb,de-at
https://www.ariat.com/be/en/,gb_en_en_gb,en-be
https://www.ariat.com/ch/de/,gb_en_en_gb,de-ch
https://www.ariat.com/de/de/,gb_en_en_gb,de
https://www.ariat.com/dk/en/,gb_en_en_gb,en-dk
https://www.ariat.com/fi/en/,gb_en_en_gb,en-fi
https://www.ariat.com/fr/fr/,gb_en_en_gb,fr
https://www.ariat.com/gb/en/,gb_en_en_gb,en-gb
https://www.ariat.com/ie/en/,gb_en_en_gb,en-ie
https://www.ariat.com/it/en/,gb_en_en_gb,en-it
https://www.ariat.com/nl/en/,gb_en_en_gb,en-nl
https://www.ariat.com/no/en/,gb_en_en_gb,en-no
https://www.ariat.com/se/en/,gb_en_en_gb,en-se
https://www.ariat.com/,ie_en_en_ie,en
https://www.ariat.com/at/de/,ie_en_en_ie,de-at
https://www.ariat.com/be/en/,ie_en_en_ie,en-be
https://www.ariat.com/ch/de/,ie_en_en_ie,de-ch
https://www.ariat.com/de/de/,ie_en_en_ie,de
https://www.ariat.com/dk/en/,ie_en_en_ie,en-dk
https://www.ariat.com/fi/en/,ie_en_en_ie,en-fi
https://www.ariat.com/fr/fr/,ie_en_en_ie,fr
https://www.ariat.com/gb/en/,ie_en_en_ie,en-gb
https://www.ariat.com/ie/en/,ie_en_en_ie,en-ie
https://www.ariat.com/it/en/,ie_en_en_ie,en-it
https://www.ariat.com/nl/en/,ie_en_en_ie,en-nl
https://www.ariat.com/no/en/,ie_en_en_ie,en-no
https://www.ariat.com/se/en/,ie_en_en_ie,en-se
https://www.ariat.com/,it_en_en_it,en
https://www.ariat.com/at/de/,it_en_en_it,de-at
https://www.ariat.com/be/en/,it_en_en_it,en-be
https://www.ariat.com/ch/de/,it_en_en_it,de-ch
https://www.ariat.com/de/de/,it_en_en_it,de
https://www.ariat.com/dk/en/,it_en_en_it,en-dk
https://www.ariat.com/fi/en/,it_en_en_it,en-fi
https://www.ariat.com/fr/fr/,it_en_en_it,fr
https://www.ariat.com/gb/en/,it_en_en_it,en-gb
https://www.ariat.com/ie/en/,it_en_en_it,en-ie
https://www.ariat.com/it/en/,it_en_en_it,en-it
https://www.ariat.com/nl/en/,it_en_en_it,en-nl
https://www.ariat.com/no/en/,it_en_en_it,en-no
https://www.ariat.com/se/en/,it_en_en_it,en-se
https://www.ariat.com/,nl_en_en_nl,en
https://www.ariat.com/at/de/,nl_en_en_nl,de-at
https://www.ariat.com/be/en/,nl_en_en_nl,en-be
https://www.ariat.com/ch/de/,nl_en_en_nl,de-ch
https://www.ariat.com/de/de/,nl_en_en_nl,de
https://www.ariat.com/dk/en/,nl_en_en_nl,en-dk
https://www.ariat.com/fi/en/,nl_en_en_nl,en-fi
https://www.ariat.com/fr/fr/,nl_en_en_nl,fr
https://www.ariat.com/gb/en/,nl_en_en_nl,en-gb
https://www.ariat.com/ie/en/,nl_en_en_nl,en-ie
https://www.ariat.com/it/en/,nl_en_en_nl,en-it
https://www.ariat.com/nl/en/,nl_en_en_nl,en-nl
https://www.ariat.com/no/en/,nl_en_en_nl,en-no
https://www.ariat.com/se/en/,nl_en_en_nl,en-se
https://www.ariat.com/,no_en_en_no,en
https://www.ariat.com/at/de/,no_en_en_no,de-at
https://www.ariat.com/be/en/,no_en_en_no,en-be
https://www.ariat.com/ch/de/,no_en_en_no,de-ch
https://www.ariat.com/de/de/,no_en_en_no,de
https://www.ariat.com/dk/en/,no_en_en_no,en-dk
https://www.ariat.com/fi/en/,no_en_en_no,en-fi
https://www.ariat.com/fr/fr/,no_en_en_no,fr
https://www.ariat.com/gb/en/,no_en_en_no,en-gb
https://www.ariat.com/ie/en/,no_en_en_no,en-ie
https://www.ariat.com/it/en/,no_en_en_no,en-it
https://www.ariat.com/nl/en/,no_en_en_no,en-nl
https://www.ariat.com/no/en/,no_en_en_no,en-no
https://www.ariat.com/se/en/,no_en_en_no,en-se
https://www.ariat.com/,se_en_en_se,en
https://www.ariat.com/at/de/,se_en_en_se,de-at
https://www.ariat.com/be/en/,se_en_en_se,en-be
https://www.ariat.com/ch/de/,se_en_en_se,de-ch
https://www.ariat.com/de/de/,se_en_en_se,de
https://www.ariat.com/dk/en/,se_en_en_se,en-dk
https://www.ariat.com/fi/en/,se_en_en_se,en-fi
https://www.ariat.com/fr/fr/,se_en_en_se,fr
https://www.ariat.com/gb/en/,se_en_en_se,en-gb
https://www.ariat.com/ie/en/,se_en_en_se,en-ie
https://www.ariat.com/it/en/,se_en_en_se,en-it
https://www.ariat.com/nl/en/,se_en_en_se,en-nl
https://www.ariat.com/no/en/,se_en_en_se,en-no
https://www.ariat.com/se/en/,se_en_en_se,en-se
